"Default Config","Podrazumevana konfiguracija"
"Save Config","Sačuvaj Konfiguraciju"
"[GLOBAL]","[GLOBAL]"
"[WEBSITE]","[WEBSITE]"
"[STORE VIEW]","[PRIKAZ PRODAVNICE]"
"Use system value","Koristi sistemsku vrednost"
"Use Default","Koristi podrazumevano"
"Use Website","Koristi Websajt"
"Add","Dodaj"
"Delete File","Izbriši datoteku"
"Search String","Niz za pretragu"
"Design Theme","Dizajniraj Temu"
"Add \Exception","Dodaj \Izuzetak"
"-- No Theme --","-- Nema Teme --"
"Enable","Omogući"
"Disable","Onemogući"
"Configuration","Konfiguracija"
"Class for type ""%1"" was not declared","Klasa za tip ""%1"" nije deklarisana"
"%1 should implement %2","%1 treba da implementira %2"
"The value you set has already been locked. To change the value, use the --%1 option.","Vrednost koju ste podesili je već zaključana. Da biste promenili vrednost, podesite --%1 opciju."
"%1","%1"
"Configuration for path: ""%1"" doesn't exist","Konfiguracija za putanju: ""%1"" ne postoji"
"System","Sistem"
"You saved the configuration.","Sačuvali ste konfiguraciju."
"Something went wrong while saving this configuration:","Došlo je do greške prilikom čuvanja ove konfiguracije:"
"Page not found.","Stranica nije pronađena."
"Please specify the admin custom URL.","Molimo definišite administratorski prilagođen URL."
"Invalid %1. %2","Nevažeći %1. %2"
"Value must be a URL or one of placeholders: %1","Vrednost mora biti URL ili jedan od placeholders: %1"
"Specify a URL or path that starts with placeholder(s): %1, and ends with ""/"".","Navedeni URL ili putanja počinju sa placeholder(s): %1, a završavaju sa ""/""."
"%1 An empty value is allowed as well.","%1 Prazna vrednost je takođe dozvoljena."
"Specify a fully qualified URL.","Navedite potpuno kvalifikovani URL."
"Selected allowed currency ""%1"" is not available in installed currencies.","Odaberite dozvoljenu valutu ""%1"" nije dostupan u instaliranim valutama."
"Default display currency ""%1"" is not available in allowed currencies.","Podrazumevana prikazana valuta ""%1"" nije dostupna u dozvoljenim valutama."
"Sorry, we haven't installed the base currency you selected.","Sorry, we haven't installed the base currency you selected."
"We can't save the Cron expression.","Nemožemo dačuvati Cron izraz."
"Sorry, we haven't installed the default display currency you selected.","Sorry, we haven't installed the default display currency you selected."
"Sorry, the default display currency you selected is not available in allowed currencies.","Izvinjavamo se, podrazumevana prikazana valuta koju ste odabrali nije dostupna u dozvoljenim valutama."
"Please correct the email address: ""%1"".","Molimo ispravite email adresu: ""%1""."
"The sender name ""%1"" is not valid. Please use only visible characters and spaces.","Ime pošiljaoca ""%1"" nije validno. Molimo koristite samo vidljive karaktere i mesta."
"Maximum sender name length is 255. Please correct your settings.","Maksimalna dužina naziva pošiljaoca je 255. Molimo korigujte svoja podešavanja."
"The file you're uploading exceeds the server size limit of %1 kilobytes.","The file you're uploading exceeds the server size limit of %1 kilobytes."
"The base directory to upload file is not specified.","Osnovni direktorijum za ažuriranje fajlova nije definisan."
"The specified image adapter cannot be used because of: %1","Navedeni adapter za sliku se ne može koristiti zato: %1"
"Default scope","Podrazumevani opseg"
"Base currency","Osnovna valuta"
"Display default currency","Prikaži podrazumevanu valutu"
"website(%1) scope","web sajt(%1) opseg"
"store(%1) scope","prodavnica(%1) opseg"
"Currency ""%1"" is used as %2 in %3.","Valuta ""%1"" je korišćena kao %2 u %3."
"Please correct the timezone.","Molimo ispravite the timezone."
"The file ""%1"" does not exist","Datoteka ""%1"" ne postoji"
"The ""%1"" path does not exist","Putanja ""%1"" ne postoji"
"Always (during development)","Uvek (tokom development)"
"Only Once (version upgrade)","Samo Jednom (ažuriranje verzije)"
"Never (production)","Nikada (proizvodnja)"
"Bcc","Bcc"
"Separate Email","Odvojeni Mejl"
"%1 (Default)","%1 (Podrazumevano)"
"title","naslov"
"No","Ne"
"Optional","Opciono"
"Required","Obavezno"
"Website","Web sajt"
"Store","Prodavnica"
"Store View","Prikaz prodavnice"
"HTTP (unsecure)","HTTP (unsecure)"
"HTTPS (SSL)","HTTPS (SSL)"
"Yes (302 Found)","Da (302 Pronađeno)"
"Yes (301 Moved Permanently)","Da (301 Trajno Pomeren)"
"Yes","Da"
"Specified","Definisan"
"Visible section not found.","Visible section nije pronađeno."
"Config form fieldset clone model required to be able to clone fields","Da biste mogli da klonirate polja, morate definisati klonski model"
"%1: Instance of %2 is expected, got %3 instead","%1: Instanca od %2 je očekivana, ubacite %3 umesto"
"Invalid XML in file %1:\n%2","Neispravan XML in file %1:\n%2"
".","."
"'There is no defined type ' .","'Nema definisanog tipa ' ."
"'Object is not instance of ' .","'Objekar nije instanca od ' ."
"Filesystem is not writable.","Filesystem nije upisiv."
"Some error","Neka greška"
"Some message","Neka poruka"
"You cannot run this command because the Magento application is not installed.","You ne može run this command because the Magento application is not installed."
"This command is unavailable right now.","Ova komanda nije omogućena sada."
"The ""test/test/test"" path does not exists","""test/test/test"" putanja ne postoji"
"error message","poruka o grešci"
"some_label","some_label"
"some_comment","some_comment"
"some prefix","neki prefiks"
"element label","oznaka elementa"
"element hint","element hint"
"element comment","element comment"
"element tooltip","element tooltip"
"test","test"
"test2","test2"
"Add after","Dodaj nakon"
"Delete","Obrisati"
"Current Configuration Scope:","Trenutni Opseg Konfiguracije:"
"Stores","Prodavnice"
"Group Label","Oznaka Grupe"
"Some Label","Neka Oznaka"
"Tab Label","Oznaka Taba"
"Allow everything","Dozvoli sve"
"Magento Admin","Magento Admin"
"Dashboard","Kontrolna tabla"
"Manage Stores","Upravljanje prodavnicama"
"Field 2","Polje 2"
"Field 3","Polje 3"
"Field 3.1","Polje 3.1"
"Field 3.1.1","Polje 3.1.1"
"Field 4","Polje 4"
"Advanced Section","Napredni Deo"
"Advanced Admin Section","Napredni Admin Deo"
"Design Section","Dizajniraj Deo"
"General Section","Opšte Postavke"
"System Section","Sekcije Sistema"
"Currency Setup Section","Sekcija Podešavanja Valute"
"Developer Section","Developer Sekcija"
"Web Section","Web Sekcija"
"Store Email Addresses Section","Sekcija Skladišta Mejl Adresa"
"Email to a Friend","Pošalji Prijatelju"
"Action","Akcija"
"'The specified image adapter cannot be used because of: ' .","'The specified image adapter ne može be used because of: ' ."
"The file ""' . . '"" does not exist","Datoteka ""' . . '"" ne postoji"
"The class for ""%1"" type wasn't declared. Enter the class and try again.","Klasa za ""%1"" tip nije upisana. Unesite klasu i pokušajte ponovo."
"The ""%1"" email address is incorrect. Verify the email address and try again.","""%1"" mejl adresa nije ispravna. Proverite mejl adresu i pokušajte ponovo."
"The time zone is incorrect. Verify the time zone and try again.","Vremenska zona nije ispravna. Proverite vremensku zonu i pokušajte ponovo."
"The ""%1"" file doesn't exist.","""%1"" fajl ne postoji."
"The ""%1"" path doesn't exist. Verify and try again.","""%1"" putanja ne postoji. Proverite i pokušajte ponovo."
"'The XML in file ""%1"" is invalid:' . ""\n%2\nVerify the XML and try again.""","'XML u datoteci ""%1"" je neispravan:' . ""\n%2\nVerify the XML and try again."""
